Date,F1 : Thermique non renouvelable,F2 : Bio√©nergies,F3 : Hydraulique,F4 : Eolien,F5 : Solaire,F6 : Autres
20180101,38108814736.0,14993017233.0,15318244446.0,208041620864.0,7040696480.0,137993136.0
20180102,38622013164.0,14573148237.0,15797556287.0,152566209198.0,5392546483.0,136383120.0
20180103,38126464744.0,14144173844.0,15254256947.0,208191871864.0,5503013429.0,230064480.0
20180104,38525168265.0,14866259343.0,13982201054.0,190591922696.0,5847941971.0,327682464.0
20180105,38915425504.0,14914843177.0,13667017668.0,114003392195.0,7785437582.0,328796976.0
20180106,39593316060.0,15442749678.0,14594323850.0,39398849034.0,4867200311.0,377256288.0
20180107,39528865063.0,14900190174.0,15160078354.0,176896272200.0,4371841900.0,351521472.0
20180108,39271230828.0,14237480008.0,15762853304.0,86324494028.0,6020867465.0,358596144.0
20180109,38938261601.0,14616131511.0,16207741021.0,57021822033.0,8122801844.0,363356640.0
20180110,38988760612.0,14868465840.0,16773805411.0,54275507368.0,9566976893.0,356802480.0
20180111,38965091566.0,15022936506.0,17326139354.0,27089721866.0,9256694374.0,390981984.0
20180112,39323388231.0,15414102675.0,17434263521.0,22683907364.0,9475259560.0,360091152.0
20180113,39755981914.0,15686395675.0,17065887688.0,69113824698.0,9002376487.0,369276000.0
20180114,39957664487.0,15593216343.0,16930988736.0,37502504365.0,6643339130.0,385147152.0
20180115,39384676317.0,14973467179.0,16784920151.0,171313221535.0,6665274739.0,365910288.0
20180116,38963253057.0,15051189008.0,17038819258.0,212570733033.0,6971842097.0,355729152.0
20180117,39279993299.0,14809149344.0,16834646199.0,207024184699.0,12756796661.0,395116320.0
20180118,39751660678.0,14945774007.0,16784009087.0,200957608699.0,9186806072.0,368502144.0
20180119,39646087075.0,15198159342.0,16487098363.0,108215907700.0,11492651103.0,366779136.0
20180120,40136198836.0,15268256176.0,16233221198.0,144520298365.0,4720800076.0,347607312.0
20180121,39964170239.0,15152180009.0,14835590532.0,99645198531.0,7846578773.0,378240816.0
20180122,39134645575.0,14562387343.0,14603843775.0,135392443701.0,6937970129.0,376645488.0
20180123,39353521989.0,14480777675.0,15106876146.0,105607582698.0,11559256119.0,421580832.0
20180124,39157313430.0,15034604509.0,15949651183.0,170547895699.0,13528178305.0,426673152.0
20180125,39513648362.0,15164739842.0,17254552514.0,80476290862.0,4422516323.0,381228144.0
20180126,39967339386.0,14879749174.0,17607394023.0,35264163696.0,8009370286.0,385211808.0
20180127,39940320529.0,15543435509.0,17534965674.0,48761633865.0,9955673727.0,377621664.0
20180128,39707271241.0,15612271177.0,17638811602.0,82693108365.0,14318766396.0,375061968.0
20180129,39363134000.0,15127153340.0,18152518157.0,87053416365.0,11170385723.0,377704800.0
20180130,38991423886.0,14765750511.0,17958343392.0,29988925366.0,9787186606.0,377393472.0
20180131,39813004631.0,15149993508.0,18104934646.0,164911981032.0,10534326316.0,474085152.0
20180201,39314783239.0,15329839345.0,18554456143.0,87546421868.0,10426133596.0,423712320.0
20180202,39465660981.0,15372722844.0,18254910010.0,73056309031.0,12916780846.0,445856304.0
20180203,39714587564.0,15756019843.0,18162150716.0,35299768199.0,10472182896.0,450495840.0
20180204,39463265568.0,15237700343.0,17731832244.0,90000171697.0,13214778310.0,465872304.0
20180205,39184113421.0,14959354845.0,17809855851.0,85236478533.0,7864258160.0,410023152.0
20180206,39138326355.0,14821552176.0,17437554813.0,60858120863.0,8945955960.0,520163328.0
20180207,39402331790.0,14593772842.0,17206590039.0,51314768030.0,13334872738.0,575523312.0
20180208,39325087348.0,14852398009.0,17243418235.0,22299863199.0,14239337892.0,443488512.0
20180209,39806150690.0,15126858175.0,17158646650.0,87346056701.0,13114102500.0,425529504.0
20180210,40133617233.0,15111125845.0,16954274464.0,86393028529.0,18823501912.0,424716000.0
20180211,40033918163.0,15001347012.0,16434770249.0,145350980199.0,10870659674.0,458128320.0
20180212,39790779809.0,14447350344.0,17564169512.0,63006389033.0,22184619017.0,447321984.0
20180213,39653299478.0,14885946011.0,16741772445.0,122469669699.0,13651478284.0,456476160.0
20180214,39499014682.0,15067213843.0,16722106497.0,95125007532.0,11189908055.0,417651312.0
20180215,39240230569.0,15087859513.0,17496018078.0,83495808030.0,10541967034.0,397152000.0
20180216,39410016831.0,15503967676.0,19373127206.0,27195447865.0,13713845284.0,436741824.0
20180217,39637091466.0,15812495844.0,19557833052.0,39525013533.0,11301937181.0,462689328.0
20180218,39557401884.0,15586981176.0,18750069486.0,38476226035.0,14227620787.0,471281136.0
20180219,39449689559.0,15089101680.0,18701159572.0,22701573864.0,13128155515.0,454368816.0
20180220,39461690117.0,15007103043.0,17710362114.0,54893939530.0,11618108003.0,482375472.0
20180221,39728282289.0,15152670045.0,17120135820.0,103758671370.0,23922105771.0,468984480.0
20180222,40212133339.0,15548973045.0,17575772888.0,123012885198.0,21982846562.0,643965648.0
20180223,40617898452.0,15602070046.0,18125678430.0,118217490031.0,19607148145.0,508149840.0
20180224,40749306587.0,15697091042.0,17918213306.0,127831320367.0,20374489337.0,500727312.0
20180225,40852114192.0,15689611543.0,16916953389.0,155821741866.0,24511245283.0,514695312.0
20180226,40660721315.0,14972540710.0,17058728119.0,168089665699.0,28098119214.0,488060304.0
20180227,40693576528.0,14513021101.0,16434936539.0,89404607198.0,26963790686.0,918379344.0
20180228,40634215689.0,14135885936.0,15977885274.0,155534863531.0,11265644410.0,620271840.0
20180301,38558061070.0,14559184602.0,16717747552.0,183053519695.0,10232516231.0,1593371568.0
20180302,37379432656.0,14680854600.0,17736259482.0,122654478703.0,21156500263.0,672925776.0
20180303,37151461218.0,14632551433.0,18054192459.0,76953329031.0,23958773443.0,704712096.0
20180304,37098053703.0,14626858935.0,17954083231.0,88743925699.0,13160859063.0,723882912.0
20180305,36693317381.0,14293894266.0,18533847463.0,67678192370.0,15058781208.0,697855248.0
20180306,36449470980.0,14547938603.0,18228599109.0,43723105864.0,19640491233.0,686950944.0
20180307,37121853151.0,14550108934.0,18304764391.0,108108703868.0,22268425749.0,731020608.0
20180308,37020599652.0,14973994269.0,18267157317.0,121716701701.0,26146346901.0,714247104.0
20180309,36550223908.0,15267038266.0,18384000925.0,80237763531.0,13983226890.0,669334752.0
20180310,36232824527.0,15616432265.0,19792199449.0,104409088865.0,13572484950.0,713047104.0
20180311,35752999806.0,15584972939.0,20097663104.0,91159473200.0,19850260889.0,701927280.0
20180312,36326396222.0,14823449369.0,20352263984.0,188312564865.0,16795041253.0,702259248.0
20180313,36867524328.0,14941683534.0,19729392591.0,91864817863.0,23095374512.0,709125744.0
20180314,36838479394.0,14822722036.0,19733213570.0,111511358699.0,25967334905.0,646970448.0
20180315,36738241057.0,14832624368.0,19913813802.0,97212376366.0,18793939229.0,712222944.0
20180316,36574723852.0,15107946092.0,19801239741.0,35274002366.0,21882496219.0,726179760.0
20180317,36767911176.0,15601551259.0,19689282355.0,62033379529.0,19156120099.0,731002272.0
20180318,36935381387.0,15136581592.0,19375219067.0,71480169365.0,18012150518.0,723525744.0
20180319,36551008609.0,14346631092.0,19411540591.0,56501027864.0,22465268056.0,707221920.0
20180320,36761342228.0,13695082095.0,18956563514.0,135251558533.0,24650069678.0,709211712.0
20180321,36636835327.0,13745035092.0,18182947299.0,69660271391.0,31546825538.0,701888688.0
20180322,36925742132.0,14764969595.0,18085827353.0,74441123222.0,29661525722.0,695162544.0
20180323,36338592437.0,15429342427.0,17844431280.0,66054547056.0,22300340937.0,545750880.0
20180324,36276662506.0,15845436761.0,17785387277.0,35244919892.0,17951348743.0,492223056.0
20180326,35944449930.0,15077791092.0,17783318370.0,35728147727.0,23065075439.0,512609712.0
20180327,36176366196.0,15065890428.0,18208576334.0,109195706223.0,14052305554.0,510979056.0
20180328,36153775011.0,14917249591.0,19452605064.0,129641397391.0,18908536599.0,575556864.0
20180329,36198914094.0,15193739761.0,20405020454.0,69978697986.0,24089882639.0,706338864.0
20180330,36108624049.0,15226678093.0,19808876460.0,82516025988.0,21405442992.0,724856880.0
20180331,34159533038.0,15527668927.0,20004942199.0,63297856489.0,23554990618.0,722310384.0
20180401,5334611244.0,14793638792.0,19759855451.0,66951102625.0,31330029004.0,178911264.0
20180402,424926099.0,14126522628.0,19876760041.0,102550261127.0,15824869787.0,428928.0
20180403,508437580.0,13543540129.0,20008513521.0,138803199125.0,18895153329.0,4784448.0
20180404,628269979.0,13721242457.0,20551400127.0,138329477791.0,22463651674.0,4098912.0
20180405,839192633.0,13591974294.0,21027872624.0,85759030047.0,33693209240.0,15271440.0
20180406,873472841.0,14083823294.0,21302432644.0,122628286381.0,36803525724.0,13115952.0
20180407,637679536.0,14180750130.0,21634478784.0,86527287213.0,20372309836.0,428928.0
20180408,427361683.0,13435110296.0,21354731398.0,36118519548.0,14300521338.0,428928.0
20180409,391422497.0,13067801959.0,21638036810.0,33941604383.0,17192169665.0,44282112.0
20180410,478611122.0,12888316248.0,21718230775.0,69593352047.0,22237006523.0,33229584.0
20180411,417932638.0,13245076078.0,21063138198.0,50896762715.0,16660780602.0,5859600.0
20180412,641484455.0,13271559248.0,19890837567.0,33012555379.0,19393928281.0,1148784.0
20180413,537069252.0,13992542747.0,20272960725.0,27208099380.0,24290270238.0,429600.0
20180414,535790826.0,14137570082.0,20244997054.0,22858771212.0,19756840157.0,428928.0
20180415,386688892.0,14111738248.0,20201846079.0,40970900546.0,28183310907.0,428928.0
20180416,266008380.0,13613629081.0,20781993841.0,30281447714.0,27516132892.0,431952.0
20180417,325884783.0,13581341231.0,20952601373.0,36053511214.0,41459235256.0,7562928.0
20180418,291183743.0,13531584066.0,21200804316.0,50578653047.0,41003224297.0,29861952.0
20180419,472486176.0,13852108231.0,21068660528.0,38547633880.0,40950958843.0,30909600.0
20180420,458867880.0,14444490899.0,21335305348.0,14247029544.0,41099912469.0,46404576.0
20180421,462828343.0,15152090568.0,21055594184.0,23682220216.0,41204318691.0,16499088.0
20180422,260276347.0,15085273399.0,20625514362.0,49616705048.0,34513018816.0,428928.0
20180423,172637437.0,14477728062.0,20672953566.0,37508333376.0,25173894349.0,5287920.0
20180424,283734574.0,14715016531.0,20690735789.0,31292892879.0,38965927849.0,6067776.0
20180425,291782471.0,14929455365.0,20291685724.0,95793010548.0,27910034063.0,8809584.0
20180426,473151038.0,15025300867.0,20237038910.0,71234071047.0,37707452803.0,2661264.0
20180427,481612768.0,15407307866.0,20448523541.0,88739174047.0,34274886514.0,477744.0
20180428,513909208.0,15813662695.0,19986706034.0,53932591711.0,24228855451.0,428928.0
20180429,348696510.0,15906580535.0,19487836031.0,67637886046.0,15523369493.0,428928.0
20180430,456829943.0,15730403366.0,20634528630.0,147456431213.0,23909499475.0,168853776.0
20180501,231386821.0,15908464199.0,20726218187.0,42924355048.0,27526030396.0,226794576.0
20180502,327773231.0,15488898203.0,20204809927.0,74165233985.0,32142355950.0,3627216.0
20180503,290401988.0,15566013902.0,19975840414.0,58684302318.0,25681047828.0,6254400.0
20180504,350220258.0,15884771900.0,19654077930.0,87062458151.0,33511021391.0,3986400.0
20180505,350940423.0,16079708363.0,19789355911.0,75834555322.0,35170387375.0,118752.0
20180506,298401257.0,16206006199.0,19268814492.0,41341494984.0,38373173648.0,118752.0
20180507,298495222.0,15518102699.0,19465806350.0,29990351988.0,37586699034.0,19321728.0
20180508,275040723.0,15670631866.0,18378260034.0,32522759819.0,30974101907.0,23454384.0
20180509,305139886.0,15560770866.0,19615695595.0,46921796485.0,28802588255.0,755904.0
20180510,344423885.0,16281426531.0,19795269195.0,60627871153.0,29573877058.0,118752.0
20180511,297682887.0,15621541531.0,19878782348.0,31036448154.0,41120245843.0,118752.0
20180512,248492559.0,15834344533.0,19798509182.0,36707150818.0,19561856973.0,118752.0
20180513,297389054.0,15530338032.0,20301514862.0,58966398320.0,21406235882.0,1388736.0
20180514,385531803.0,14570308699.0,21300849145.0,105282980156.0,18244435944.0,16019760.0
20180515,328838133.0,14024839699.0,21540557130.0,63034252489.0,27697281575.0,25830240.0
20180516,393872471.0,14571773530.0,21528491744.0,74707030984.0,31679557811.0,4658304.0
20180517,348979467.0,15097179202.0,21453277908.0,75206677655.0,30677266495.0,1896672.0
20180518,344704972.0,15387488032.0,21576778216.0,43453911487.0,39732966061.0,158313312.0
20180519,326098803.0,15789237368.0,21661503244.0,41709571652.0,39892542528.0,1303296.0
20180520,320069966.0,15285872032.0,21186501070.0,38823476984.0,40803450607.0,167057808.0
20180521,301070763.0,14611632531.0,20909612183.0,24581560656.0,35139248040.0,16463136.0
20180522,271827594.0,14273150535.0,20925095644.0,18532776212.0,31829873040.0,446261664.0
20180523,192949930.0,14344448369.0,21151501180.0,24338256718.0,35387596346.0,15566832.0
20180524,198614260.0,14994590200.0,21272103637.0,10265061877.0,35084560093.0,2736480.0
20180525,139689427.0,14873574198.0,21046757499.0,20075928546.0,30516209641.0,4227312.0
20180526,193233423.0,14602822531.0,20294354627.0,60585175211.0,30245287166.0,169324992.0
20180527,148900762.0,14414167534.0,19148863017.0,35365815882.0,25945922477.0,542832.0
20180528,156836649.0,13824837867.0,18755809975.0,21685538547.0,18385294618.0,151922304.0
20180529,156741487.0,13723730699.0,20067167952.0,19142128545.0,26656103262.0,542832.0
20180530,147442990.0,14471815196.0,20559314733.0,14154029880.0,22753439967.0,673968.0
20180531,138049654.0,14594455029.0,21337491071.0,17016289881.0,25180775703.0,1309824.0
20180601,161858657.0,14726187034.0,22159388545.0,18236249381.0,34270649820.0,534096.0
20180602,454720484.0,15244341699.0,21555566722.0,10227628047.0,36272757294.0,534096.0
20180603,261050490.0,14613880195.0,21033940428.0,27857527718.0,28157842726.0,534096.0
20180604,259221568.0,14134046865.0,21293178416.0,29892291215.0,27174517877.0,15321744.0
20180605,289909895.0,13952696531.0,21024365950.0,37250561449.0,23365154310.0,57539904.0
20180606,154162402.0,13965632699.0,21018528687.0,26811814706.0,24329420318.0,33842784.0
20180607,156396402.0,14498784034.0,21321582183.0,8928206035.0,26749381765.0,28768272.0
20180608,162261569.0,14918132368.0,22165739011.0,13092298201.0,34280022381.0,31026096.0
20180609,431541235.0,15360523199.0,22358559113.0,17268057242.0,34974677848.0,28277616.0
20180610,255804398.0,14883129699.0,21630953649.0,16168269743.0,27013427785.0,28277616.0
20180611,256794643.0,14627930866.0,21001383947.0,36299380238.0,19803247347.0,43064112.0
20180612,278236479.0,14309819865.0,20496852456.0,57577632190.0,27436559977.0,51613248.0
20180613,146558138.0,14655815871.0,19269016488.0,43535087355.0,31191222891.0,39654768.0
20180614,180201471.0,14883983537.0,19521811414.0,43479703023.0,35676037772.0,38193072.0
20180615,149302974.0,15228607703.0,20422157378.0,22873241957.0,29287742503.0,40773264.0
20180616,424806972.0,15151198867.0,20724822026.0,32064506289.0,33671995360.0,28277616.0
20180617,287828140.0,14676991699.0,20390787365.0,46150105290.0,31546201715.0,28277616.0
20180618,254758333.0,14236294368.0,20016657307.0,47869785790.0,32400836764.0,31561104.0
20180619,302626341.0,14488123629.0,19394780421.0,24297272958.0,40980564371.0,33287280.0
20180620,236979673.0,14152732116.0,18913365682.0,17486421602.0,44674256451.0,32269920.0
20180621,262838503.0,14491112286.0,18451308049.0,71183205602.0,40401333607.0,28277616.0
20180622,228166508.0,14648258616.0,18133589440.0,73275592202.0,46128575714.0,28277616.0
20180623,209378834.0,14867391949.0,17697482657.0,43342775059.0,45967371280.0,28277616.0
20180624,206879172.0,14657765783.0,17166958148.0,36937555887.0,39457658284.0,28277616.0
20180625,227176790.0,14034701617.0,16704312225.0,50820412855.0,46119757623.0,28277760.0
20180626,290912290.0,13835431284.0,16594397101.0,46101985686.0,45973934044.0,31539600.0
20180627,261229295.0,13977711615.0,16325916557.0,54167567848.0,43959816937.0,28328448.0
20180628,287226124.0,13869567618.0,16102687781.0,87392681515.0,42653712215.0,28720080.0
20180629,287241456.0,14171585783.0,15886653686.0,78402833682.0,42612972422.0,28859904.0
20180630,219488626.0,13757785701.0,15408739085.0,43817093034.0,45416766249.0,27853536.0
20180701,201581968.0,13144393743.0,14522510898.0,52957911771.0,43117312471.0,118080.0
20180702,188436693.0,13144561574.0,14315760306.0,38328914108.0,37989805682.0,117264.0
20180703,180526525.0,13944579744.0,14461503340.0,18976134940.0,36539364392.0,3692112.0
20180704,172872357.0,14022187302.0,14183602935.0,19922811272.0,36620147455.0,9466944.0
20180705,204288527.0,14543932635.0,14733048870.0,29375553273.0,32340168118.0,4430112.0
20180706,160279697.0,15238963802.0,14985524407.0,23384892440.0,35844972877.0,6775104.0
20180707,183448527.0,15404494470.0,14197956284.0,24364644105.0,43369547980.0,116784.0
20180708,215500194.0,14967050964.0,13358537455.0,42279238104.0,44181481046.0,117792.0
20180709,213736883.0,14834624131.0,12958443872.0,57756482274.0,42955503695.0,116784.0
20180710,230531213.0,15151814134.0,12672608828.0,52261229272.0,42283541887.0,1327584.0
20180711,228280215.0,15222545131.0,12664329767.0,34577623938.0,42046714786.0,6564432.0
20180712,223915550.0,15377137302.0,12416080334.0,23040299608.0,40643008392.0,116784.0
20180713,205169882.0,15409972303.0,12199293702.0,21042770938.0,41225776036.0,116784.0
20180714,169900387.0,15435284297.0,11601316517.0,19647955768.0,39665257692.0,116784.0
20180715,176062883.0,15345852801.0,10956434353.0,23419034268.0,41577636060.0,129792.0
20180716,164722484.0,14801243131.0,11168153862.0,28885447269.0,28705302625.0,1436112.0
20180717,199565482.0,14852486634.0,11740290422.0,35613532937.0,37594494976.0,2464080.0
20180718,166777150.0,14870250299.0,11137027822.0,19398331606.0,40431436671.0,7106112.0
20180719,205571651.0,14888546802.0,11171588175.0,31218313169.0,41243310321.0,2719104.0
20180720,181090652.0,14745267300.0,11009993835.0,24827389998.0,32525065563.0,3776112.0
20180721,146028983.0,15484437966.0,11530401291.0,22993235000.0,31611333382.0,116784.0
20180722,163895988.0,15337880466.0,10873379385.0,19791312333.0,36998554077.0,117120.0
20180723,189311027.0,14737800297.0,10710326773.0,17523631498.0,43659322571.0,116784.0
20180724,193955527.0,14909238800.0,10625116901.0,13701831168.0,39954598775.0,6651936.0
20180725,205702026.0,14681678967.0,10377787601.0,19634418167.0,42921109673.0,4813248.0
20180726,189624694.0,14361352965.0,10123688397.0,14472875833.0,42635982143.0,6719952.0
20180727,167105863.0,14633624468.0,10029653501.0,25488853001.0,36867894348.0,337104.0
20180728,183441531.0,15460798301.0,9675767559.0,62682355441.0,29492213466.0,52238784.0
20180729,245010694.0,15017223129.0,8843911527.0,70226284773.0,39019288570.0,31775424.0
20180730,231486217.0,14852851467.0,8724897683.0,42525211442.0,39117696030.0,11720928.0
20180731,182361555.0,14664234800.0,8698636202.0,23522971103.0,36411083625.0,19072416.0
20180801,212877716.0,14989673734.0,8664727206.0,19761705270.0,39873623167.0,30105168.0
20180802,219823050.0,14789705734.0,8430021645.0,28358170616.0,43177225230.0,44417856.0
20180803,215862215.0,14786783734.0,8409923507.0,36575113950.0,41958769256.0,45699840.0
20180804,227203717.0,14900613232.0,7811807784.0,47777902115.0,41470588729.0,55236672.0
20180805,207060718.0,14794643065.0,7286957382.0,41712450117.0,41070125534.0,60262992.0
20180806,166609679.0,14383907399.0,7341234387.0,17937163742.0,41240643636.0,41418528.0
20180807,258112842.0,13985167230.0,7263573749.0,45762402407.0,32677114384.0,28542528.0
20180808,301095347.0,14850687065.0,7860719580.0,46193227116.0,32355765138.0,65146656.0
20180809,206937675.0,14926224400.0,8421506289.0,84042843195.0,18350046578.0,140454192.0
20180810,257335347.0,15775145398.0,8864505690.0,60493314026.0,39242094694.0,32169696.0
20180811,192951679.0,16103688736.0,7747239545.0,22430131360.0,42718700462.0,11616672.0
20180812,195492345.0,15350142733.0,7207298198.0,42768006692.0,39581261848.0,48370032.0
20180813,212638885.0,14448476731.0,7886766970.0,68684684859.0,24881497044.0,115140000.0
20180814,211727883.0,15027196900.0,8663020511.0,39912515024.0,31769709839.0,38495520.0
20180815,169740551.0,15849567566.0,7913631693.0,21801595696.0,40521596897.0,6315168.0
20180816,173244053.0,15266939895.0,7865397567.0,21782718194.0,39456060593.0,12250512.0
20180817,180932387.0,15482013233.0,8198725437.0,45546880024.0,30555894922.0,66619824.0
20180818,187356718.0,15906765232.0,7891433160.0,29842653529.0,38951558482.0,34118352.0
20180819,187127383.0,15412204068.0,7036051398.0,29343126024.0,41535277903.0,4197840.0
20180820,171688433.0,14956518902.0,6742040079.0,22334466692.0,35989755925.0,9731520.0
20180821,167603394.0,14806265898.0,6764792254.0,13264172190.0,38335862142.0,27284352.0
20180822,192075265.0,14658277399.0,7211207808.0,15000079362.0,36598400437.0,40198848.0
20180823,190953378.0,14652520735.0,7184694051.0,34330869191.0,34074490035.0,46241856.0
20180824,210069134.0,15468960400.0,7497260119.0,69376762861.0,30201035116.0,48006192.0
20180825,151379950.0,16142417566.0,6594178595.0,55253596361.0,22773710452.0,57301344.0
20180826,217010172.0,15939672566.0,6144290615.0,60448915524.0,38828010390.0,22073856.0
20180827,202546639.0,15518526234.0,6253099821.0,61741249527.0,35572746553.0,81962832.0
20180828,177830047.0,15365178233.0,6460581587.0,19796577695.0,38267554286.0,38182656.0
20180829,196119236.0,15145691731.0,6852603029.0,64274431027.0,26008072240.0,150939792.0
20180830,201070399.0,15584761567.0,7132298321.0,22832179861.0,29707066165.0,26460480.0
20180831,154774434.0,15791490734.0,6734373638.0,23980313524.0,33417354518.0,35517792.0
20180901,175794847.0,15643778898.0,6050406222.0,33309393527.0,40502838331.0,394560.0
20180902,181824808.0,15838683737.0,5517318308.0,41325482359.0,40137060856.0,2784384.0
20180903,192690756.0,15581487067.0,5483336116.0,25900735196.0,37360345756.0,525552.0
20180904,195435902.0,15652706398.0,5738513331.0,23722916029.0,36051328004.0,618864.0
20180905,136161404.0,15860917901.0,5524113509.0,24441852359.0,28638464431.0,7257552.0
20180906,243409403.0,15858323401.0,6601292887.0,35031534028.0,20692103790.0,1770720.0
20180907,201763399.0,15854273067.0,6674644589.0,37681860693.0,33312162688.0,406896.0
20180908,165777359.0,15737165401.0,5809965234.0,12348595362.0,38007594369.0,5699712.0
20180909,125596211.0,15066053901.0,5312225997.0,18797814525.0,30273759793.0,12151200.0
20180910,193856958.0,14392082731.0,5676456897.0,28171586357.0,33839904458.0,16897200.0
20180911,201855388.0,14334735329.0,5510388875.0,28437389194.0,37454431254.0,18483360.0
20180912,221797377.0,14594055167.0,5531052733.0,21637239696.0,31630270632.0,52040064.0
20180913,188488503.0,14558609665.0,5793428170.0,29019867194.0,25178959999.0,40580880.0
20180914,179401863.0,14544965736.0,5854625972.0,26432924725.0,29862652892.0,32587056.0
20180915,208463381.0,14786369991.0,5453021104.0,20877467223.0,35817904145.0,33539040.0
20180916,153851743.0,14521291825.0,5108501424.0,20153509888.0,30527241912.0,41554704.0
20180917,190708945.0,13965031658.0,5103419872.0,27965135226.0,33412610823.0,38214864.0
20180918,293971180.0,13792197663.0,4989890608.0,71058545959.0,28467715966.0,122386704.0
20180919,279318250.0,13982547332.0,5212241340.0,50821135458.0,32518265032.0,31709040.0
20180920,322412096.0,14243504695.0,5183999038.0,64561476527.0,33907752673.0,39974736.0
20180921,317839613.0,14514986694.0,5203578324.0,140513333878.0,21438149321.0,162306192.0
20180922,245597145.0,14792693915.0,5120743927.0,67934889310.0,31398101271.0,36325392.0
20180923,276972468.0,14313552079.0,4756767650.0,155514008645.0,26967694561.0,212225712.0
20180924,224300342.0,13982114082.0,4948597388.0,68785972094.0,33148543244.0,60876192.0
20180925,216406080.0,14183959464.0,4641578494.0,78151771594.0,34360909386.0,123021552.0
20180926,341247839.0,14089331875.0,4700272622.0,38072295994.0,34625477521.0,68111376.0
20180927,285751149.0,14118716542.0,4780454501.0,16759289997.0,34631066873.0,24775056.0
20180928,284328531.0,13992409208.0,4940416337.0,72961624496.0,32439797229.0,61254720.0
20180929,225573867.0,14534050872.0,4564952306.0,85434334665.0,33365833505.0,71630880.0
20180930,168799096.0,14053765210.0,4414816033.0,32040639998.0,29068441117.0,13154736.0
20181001,217533662.0,13424118912.0,4497554366.0,93039237746.0,24407557781.0,64241136.0
20181002,318666801.0,13833330907.0,4300580884.0,83035028915.0,28538440942.0,60083616.0
20181003,294742705.0,13915194575.0,4255461308.0,39863259871.0,26808533056.0,43543152.0
20181004,264482455.0,13889326242.0,4503118723.0,31566532039.0,32223670331.0,38100960.0
20181005,173921199.0,14047649407.0,4205228043.0,38082297374.0,31909623713.0,91099968.0
20181006,120655454.0,14060974410.0,4065255221.0,69229638204.0,23260352464.0,116683296.0
20181007,202726036.0,13263082411.0,4123393359.0,90001071703.0,13454164534.0,25300320.0
20181008,208777907.0,13151260076.0,4351125916.0,16565358374.0,17137723695.0,10543824.0
20181009,459395404.0,13262198580.0,4490919888.0,32992218039.0,24233911222.0,32551152.0
20181010,458173827.0,13244995909.0,5000897659.0,79379398539.0,16852279003.0,115136448.0
20181011,564008241.0,13474172910.0,5489431851.0,110138550874.0,18669872803.0,244136160.0
20181012,454045990.0,14060576907.0,5197751095.0,101551020369.0,24001525813.0,138883632.0
20181013,260480905.0,14639314077.0,5009862002.0,100225610705.0,25728701084.0,138734784.0
20181014,251914657.0,14675609908.0,4779583904.0,122582082701.0,17792839384.0,211856160.0
20181015,537484193.0,14013757242.0,6176905411.0,60622309872.0,13048637080.0,112603152.0
20181016,807604387.0,14061559801.0,6166401489.0,18024859299.0,18139593545.0,40715616.0
20181017,617127450.0,14468755213.0,6073663362.0,17908751135.0,17756813715.0,38428944.0
20181018,687485077.0,14229517207.0,6128386289.0,82339872965.0,19403605781.0,103604928.0
20181019,512968033.0,14593923660.0,6096542774.0,51013189346.0,25117430615.0,64663104.0
20181020,146245417.0,14936311495.0,5959909784.0,48146024015.0,24157034866.0,43921440.0
20181021,122747992.0,15211371996.0,5524712022.0,41548190346.0,26392224668.0,47652288.0
20181022,789793119.0,14469438995.0,5442541200.0,109059712012.0,23791317108.0,137399424.0
20181023,1201838015.0,14423019327.0,5317652786.0,73568873180.0,25959237586.0,69059424.0
20181024,1153352004.0,14606152996.0,5311589399.0,44377848017.0,25036249977.0,48255072.0
20181025,1148186758.0,14980651330.0,5260814334.0,20169471401.0,21925002878.0,25510896.0
20181026,948097733.0,15047776157.0,5326513876.0,37501967677.0,12510586991.0,66689760.0
20181027,643166142.0,14822926073.0,5776048044.0,46203376174.0,11220406579.0,43916448.0
20181029,1663249812.0,14280523408.0,6480000454.0,116512974177.0,5839114029.0,171993936.0
20181030,2499263265.0,14098069240.0,6947207832.0,118576986106.0,18454519523.0,326610624.0
20181031,8958663162.0,14898780404.0,7370290858.0,84328085608.0,7224313206.0,383767104.0
20181101,31211329162.0,15556746406.0,7246160250.0,79593538440.0,12175463402.0,711376272.0
20181102,33390410199.0,15370251908.0,7425538644.0,25978168106.0,15663434537.0,537760800.0
20181103,34211217273.0,15656184405.0,7788793198.0,45086532102.0,19252099839.0,579886272.0
20181104,33954291833.0,15608855404.0,7620265251.0,52005120271.0,17596233663.0,564308304.0
20181105,33389609200.0,15098522238.0,7815919600.0,76681519103.0,10585995024.0,557846784.0
20181106,33453681396.0,14985537938.0,8114821209.0,102986158998.0,9867273662.0,644981424.0
20181107,34261795240.0,15002404276.0,7795003876.0,165670791662.0,7556438627.0,632463456.0
20181108,34831159178.0,15330408107.0,8751059043.0,71329382662.0,14307603025.0,533849952.0
20181109,34863991432.0,15908965774.0,9070151501.0,100641062828.0,11938450203.0,583886928.0
20181110,34753644134.0,16007380271.0,8628301545.0,176833093495.0,9257252395.0,713770128.0
20181111,34920493883.0,15879514940.0,8748014707.0,139382158494.0,12284300521.0,642830784.0
20181112,35013945238.0,14929004939.0,8855199469.0,73348859658.0,10013201747.0,555585936.0
20181113,34979355376.0,14570583773.0,9009180868.0,67891575449.0,13624343998.0,328461120.0
20181114,35498559481.0,14787166937.0,8972991774.0,52533551936.0,14265112296.0,647099040.0
20181115,35848570523.0,15212916436.0,9002297845.0,44163396600.0,15920053077.0,859033680.0
20181116,36008986348.0,15704867438.0,9094241066.0,32584620767.0,14278634505.0,681764544.0
20181117,36030459531.0,15842010604.0,8944920217.0,95818897931.0,11479765567.0,766324848.0
20181118,36032033867.0,15847665771.0,8198940365.0,126015251768.0,18000372076.0,759409872.0
20181119,36108091052.0,15285275607.0,8177359005.0,132486809099.0,14733529187.0,793535040.0
20181120,35621314329.0,14874364440.0,8779559564.0,63187263102.0,8608379208.0,670318176.0
20181121,39004390771.0,14910910937.0,9268614000.0,30129424153.0,13251348172.0,986274192.0
20181122,38393218267.0,14987039939.0,9408080344.0,36076586645.0,12862528488.0,837254688.0
20181123,36809590448.0,15653184934.0,9205774362.0,50144710146.0,6265405179.0,710496000.0
20181124,36416821701.0,15861900772.0,9300691522.0,44780009979.0,14199464926.0,747737376.0
20181125,36609758693.0,15921885106.0,8625000357.0,59220472979.0,8451028050.0,811600176.0
20181126,36798139526.0,15276483607.0,9034335875.0,34030596651.0,8623767545.0,664377216.0
20181127,37130966842.0,14804836437.0,9138185544.0,72478903316.0,12806759758.0,660018576.0
20181128,37277192276.0,14879685605.0,9014188503.0,132676226488.0,10837260392.0,809770224.0
20181129,37751671646.0,15045360771.0,8883702098.0,165797692814.0,11746240579.0,863381232.0
20181130,40067070334.0,15554900101.0,9245339988.0,93435425892.0,8482192128.0,818601408.0
20181201,40333350673.0,15695176771.0,9136927442.0,146263528667.0,9750043066.0,878648880.0
20181202,39632871394.0,16207851940.0,10170426552.0,188541916998.0,4827602288.0,963724224.0
20181203,39509252275.0,15652014437.0,13884299197.0,194321029840.0,7039422899.0,940355904.0
20181204,40066673349.0,15358820693.0,14792947344.0,39876715613.0,11301946760.0,893447088.0
20181205,39970071001.0,15478416113.0,14479080650.0,71971612044.0,11450070805.0,844408080.0
20181206,39660798500.0,15494650446.0,14518540650.0,99531798902.0,9055494314.0,802887072.0
20181207,39823934732.0,16028364950.0,14326103961.0,205101537907.0,9895439803.0,939762576.0
20181208,40451352520.0,16362311527.0,14229137883.0,237734233232.0,9936460597.0,988813056.0
20181209,40269393340.0,16413826694.0,13563531456.0,220858214569.0,7968487406.0,1007365248.0
20181210,40275541931.0,15107213859.0,13983923584.0,79982595582.0,11848485048.0,814829424.0
20181211,40366395429.0,15087450209.0,14540780787.0,18313571659.0,14450526051.0,736422384.0
20181212,40618173290.0,14981894706.0,14683203623.0,43847879959.0,9755655495.0,775742256.0
20181213,40791626096.0,15446659069.0,14463025199.0,110819990315.0,5172597485.0,840641904.0
20181214,40875820137.0,15678898595.0,15180948300.0,50287051650.0,10954198649.0,772538592.0
20181215,40455938735.0,15971259763.0,14034280200.0,97141984310.0,7517649997.0,812484240.0
20181216,39912505868.0,15987242261.0,14383965265.0,63558461477.0,4431047833.0,754636560.0
20181217,39987265738.0,15544643262.0,15784986006.0,88065294324.0,12072426287.0,750729120.0
20181218,40315192340.0,15345555238.0,15334849635.0,146148674995.0,7995869606.0,929504784.0
20181219,40236872376.0,15589778653.0,14950088306.0,122622852869.0,8271331149.0,856847472.0
20181220,40270954065.0,15663514321.0,15663550485.0,154413636276.0,10563292738.0,888552624.0
20181221,40472262708.0,15798938991.0,16007015759.0,221709714528.0,5381275307.0,980454480.0
20181222,40106255387.0,16368922156.0,16667201225.0,159453002716.0,6682203066.0,837455280.0
20181223,40062610876.0,16579528487.0,16831204483.0,146196532718.0,7938586569.0,878492448.0
20181224,39680881051.0,15886194820.0,16323928746.0,58691322218.0,8614500591.0,855058944.0
20181225,40337828496.0,16142343821.0,15596018640.0,31691237216.0,12717995319.0,846227952.0
20181226,40369529767.0,15881465156.0,15655692896.0,25973757381.0,12315500376.0,838185120.0
20181227,40423092576.0,15933211347.0,15732470188.0,17848105719.0,10072325026.0,765843312.0
20181228,40832737521.0,15600660848.0,15414879460.0,50198822881.0,8368627271.0,818093472.0
20181229,40688350582.0,15906183847.0,14087881144.0,46719309485.0,9519854950.0,987062928.0
20181230,40608639425.0,16231065848.0,12674930917.0,34877477846.0,8889930109.0,973326576.0
20181231,40724419112.0,16172247180.0,12437437407.0,30598992010.0,9474546726.0,950156736.0
20190101,42558956571.0,16334447575.0,11235626148.0,43534339491.0,8010234812.0,1391589120.0
20190102,42815116132.0,15987813069.0,11066645861.0,67638635656.0,11634576026.0,1404948624.0
20190103,43314187081.0,15985906906.0,11459210253.0,51621458325.0,16255140859.0,1395307920.0
20190104,43569510105.0,15814143567.0,11329521084.0,48647854322.0,13132003124.0,1368014448.0
20190105,43748477114.0,16193930239.0,10509904081.0,56616199327.0,13218191591.0,1340194944.0
20190106,43613235402.0,16003289571.0,9198899750.0,35365939990.0,8658016296.0,1339092432.0
20190107,43470282773.0,15269504067.0,9797455361.0,53742327823.0,8903811601.0,1264275264.0
20190108,43005575849.0,15036449738.0,10420090616.0,141067299992.0,6418988496.0,1418269104.0
20190109,43143823936.0,15282608135.0,10529119633.0,133231339323.0,11016148499.0,1403957760.0
20190110,43279494526.0,15497219631.0,10738188308.0,60131252489.0,13779697663.0,1369633584.0
20190111,43700872726.0,15790749966.0,10583520307.0,40429555658.0,13004618022.0,1294276752.0
20190112,43263423443.0,16207589295.0,9568235124.0,109236275327.0,9992835880.0,1342096896.0
20190113,43221080255.0,16074062463.0,9339120825.0,203579204991.0,6737011786.0,1431140736.0
20190114,42966205582.0,15333878464.0,12011804269.0,109194260326.0,10143356495.0,1350948768.0
20190115,42840373767.0,15408175462.0,12458195109.0,38261008000.0,16876234113.0,1196878224.0
20190116,42808939922.0,15758638218.0,11991497616.0,92898689165.0,12826213070.0,1366480896.0
20190117,42648408632.0,15860338552.0,11691759443.0,126793483999.0,11540423635.0,1525396224.0
20190118,43473502409.0,16145614223.0,11822159264.0,38661108833.0,12024706299.0,1377113376.0
20190119,43436781831.0,16582168720.0,11203163931.0,55253559166.0,12511038819.0,1378464048.0
20190120,43388575246.0,16309313723.0,10320116236.0,27469565999.0,7828681109.0,1303983216.0
20190121,43034584014.0,15501876481.0,11504003646.0,30478214996.0,13363815996.0,1302169536.0
20190122,43045846155.0,15547592144.0,11833249285.0,84232018492.0,11400845214.0,1353363360.0
20190123,43417055123.0,15956972645.0,12464255332.0,73251541501.0,8219142666.0,1241302368.0
20190124,43657175447.0,15608068314.0,12610316557.0,38037144497.0,14220779145.0,1448003376.0
20190125,43622696330.0,15961573151.0,12147225450.0,52750645665.0,11370180842.0,1557881040.0
20190126,43417122793.0,16177586743.0,11578391769.0,143100804534.0,11304295782.0,1457725776.0
20190127,43145964309.0,16049225411.0,11376463120.0,232408110538.0,10604896047.0,1585024752.0
20190128,43293243800.0,15336324076.0,13744092498.0,127542246702.0,12766699058.0,1391620608.0
20190129,43489195569.0,15684644410.0,14172614616.0,86676391538.0,8671272509.0,1431656688.0
20190130,43563206570.0,15355207242.0,14286481159.0,104813485705.0,12333498268.0,1506916848.0
20190131,43755919736.0,15480238741.0,14660199624.0,82054630870.0,6064025954.0,1417543008.0
20190201,43029759313.0,15578261255.0,15855791702.0,59348419209.0,9653180139.0,1388226768.0
20190202,43022230966.0,14896112540.0,15951955640.0,128301261544.0,7205866964.0,1439427120.0
20190203,43074820558.0,15175260253.0,14857306292.0,89325700543.0,16574403486.0,1507593600.0
20190204,43126049654.0,14596511754.0,15499635160.0,102791871545.0,15693772419.0,1343438784.0
20190205,42530135021.0,15101258588.0,15891434155.0,39662282710.0,15767029861.0,1429542624.0
20190206,42290000836.0,15089401011.0,15839508899.0,78158817710.0,17028248663.0,1316140128.0
20190207,42510648284.0,15252751530.0,16569619384.0,166326227374.0,14848082907.0,1396090128.0
20190208,42501201112.0,15687571019.0,17330471204.0,201866899878.0,18084265578.0,1392944784.0
20190209,42179288073.0,16377346028.0,16576120723.0,207885183872.0,15263207348.0,1467484272.0
20190210,41990619455.0,16220331693.0,16449581655.0,234490514043.0,9639238272.0,1517327808.0
20190211,41919285878.0,15361125529.0,18034340611.0,84119928469.0,19257837354.0,1286192784.0
20190212,42684368288.0,15290057361.0,17613023282.0,22467910302.0,26043089993.0,1254610944.0
20190213,42783129879.0,15644123526.0,17325116508.0,41436515633.0,28379852941.0,1330522800.0
20190214,42820514155.0,16041452028.0,17220937039.0,58851180130.0,28114674769.0,1392832464.0
20190215,42683461677.0,16211014196.0,17250779289.0,58390158795.0,28679020045.0,1428986976.0
20190216,42639961274.0,16486045865.0,16854070662.0,42687435467.0,28445086444.0,1353177936.0
20190217,42267341062.0,16603302195.0,16069536078.0,95507860467.0,28001609372.0,1443322800.0
20190218,42089138181.0,15871679696.0,17055647730.0,64079539632.0,26305944203.0,1378071312.0
20190219,42393405975.0,16003511363.0,17030658414.0,21716698967.0,20063699862.0,1324000608.0
20190220,42682784762.0,15969606028.0,16753939730.0,17614842300.0,27815179445.0,1291738128.0
20190221,42475666279.0,15964386618.0,16359712805.0,13566204464.0,28786227940.0,1355398464.0
20190222,42295300354.0,16194035120.0,16410316314.0,44007461301.0,30270704120.0,1342145280.0
20190223,42320170941.0,16627508784.0,15602973242.0,87215480969.0,31006666131.0,1384456944.0
20190224,42466144241.0,16454848952.0,14852689053.0,53005714962.0,29060751889.0,1447059456.0
20190225,42022979127.0,16032758618.0,15967770145.0,49854305299.0,31897864239.0,1351233600.0
20190226,41572177917.0,16000736133.0,16111329439.0,39775506298.0,31582964564.0,1351202640.0
20190227,41927293755.0,16064406137.0,16637801131.0,25161537749.0,32896792758.0,1370919120.0
20190228,42160687272.0,16060755970.0,16455563307.0,146481078383.0,25049767425.0,1428193872.0
20190301,40261783898.0,16648387574.0,16575504738.0,106465912959.0,20394134620.0,1262812224.0
20190302,38368853877.0,16781595240.0,16375757672.0,121163738464.0,21240903391.0,1229112384.0
20190303,38228189079.0,16750473910.0,14865382486.0,216520591125.0,24679580893.0,1344777696.0
20190304,37753031697.0,15738310740.0,15264574444.0,223572947961.0,19068524908.0,1324193520.0
20190305,38080497650.0,15415722248.0,15821201405.0,147052808959.0,29305024608.0,1289568048.0
20190306,37724214682.0,15523138749.0,15611803532.0,192811757793.0,10557201791.0,1306925712.0
20190307,38084209751.0,15338445916.0,16801530648.0,207763595459.0,26416508764.0,1440385547.0
20190308,38436247671.0,15082165868.0,17580176252.0,130540749458.0,23065325450.0,1200051376.0
20190309,39429273100.0,16161586081.0,16273893596.0,184815811464.0,16244862070.0,1308325872.0
20190310,38671674668.0,15846820700.0,16789163820.0,217867502129.0,17731820214.0,1317229708.0
20190311,38935300914.0,15306336289.0,17595197611.0,170359958961.0,30708556962.0,1317874224.0
20190312,39338258733.0,15525331564.0,17226655554.0,184526621627.0,29829346950.0,1271009040.0
20190313,39491594414.0,14925016988.0,16965826316.0,228471232251.0,26471103636.0,1341618720.0
20190314,39543897508.0,15338808144.0,17157836908.0,238325063417.0,19015930623.0,1363651872.0
20190315,39125194012.0,15896833313.0,16973909437.0,235223791753.0,17859791750.0,1341757248.0
20190316,39122269482.0,15940789682.0,16232311484.0,212683272083.0,32974155286.0,1375514064.0
20190317,39040723331.0,15922514388.0,15817380269.0,183648856085.0,24085937401.0,1301242032.0
20190318,39102762896.0,15320070139.0,16795873553.0,64494366420.0,26966399620.0,1139210544.0
20190319,39176122624.0,15389618376.0,16956757054.0,23193263748.0,27726175106.0,1185618720.0
20190320,39138941698.0,15445872210.0,16442662425.0,28282971280.0,37646250051.0,1165107360.0
20190321,39226813389.0,15231700282.0,16356809476.0,37811705784.0,39187869148.0,1212600528.0
20190322,38984064443.0,15701291410.0,16363258375.0,13673405284.0,39766913886.0,1120050192.0
20190323,38837691022.0,15776737911.0,15414526540.0,27749265283.0,38738108783.0,1175289888.0
20190324,38979957917.0,15317616910.0,14644983401.0,47390724948.0,37574638575.0,1166555712.0
20190325,39117687873.0,14916759243.0,15097379043.0,127593935275.0,37449544292.0,1222451232.0
20190326,39146610590.0,14838742149.0,14870146165.0,71289103169.0,41785399589.0,1266661872.0
20190327,39270736032.0,14796753317.0,14475248330.0,54310014504.0,41493123002.0,1296066192.0
20190328,39256657224.0,14903668480.0,13946151545.0,56193340338.0,41186751710.0,1320994368.0
20190329,38400744565.0,14998437983.0,14095126377.0,53686909671.0,41342296150.0,1217332704.0
20190330,37896080264.0,15678374145.0,13548251785.0,33917068513.0,41544452866.0,1141371696.0
20190401,6606393519.0,14054277462.0,13264263141.0,60287420086.0,33767312779.0,314298864.0
20190402,270372333.0,14215042036.0,13872325275.0,89038303333.0,22722214099.0,116074704.0
20190403,341532333.0,14194081089.0,15205556375.0,50098838832.0,17944901701.0,71453184.0
20190404,633790170.0,14176053726.0,15514954395.0,53186475169.0,31466443102.0,61312848.0
20190405,828080152.0,14487098502.0,15423942865.0,67579566998.0,30120934515.0,99518832.0
20190406,207760312.0,15117461540.0,15429609916.0,61633384332.0,16408511524.0,117372864.0
20190407,185828988.0,14282304741.0,15042430861.0,32344061502.0,26328156618.0,57948336.0
20190408,202322712.0,13455326724.0,15270583866.0,14264565501.0,30351034739.0,32407536.0
20190409,343662050.0,13856878937.0,15400061343.0,13343098169.0,34146748728.0,26517696.0
20190410,406247701.0,13686740037.0,15204864157.0,64747935252.0,28894897646.0,43480848.0
20190411,350021669.0,13805806665.0,15374462733.0,103813966171.0,31444175449.0,159597168.0
20190412,193861221.0,14019522616.0,15163473051.0,82622069689.0,43749959963.0,80466528.0
20190413,116645212.0,14160195396.0,13974809657.0,72594609275.0,44632869923.0,226078512.0
20190414,111350353.0,13919048292.0,13129824287.0,49476229188.0,36767781810.0,49722000.0
20190415,109636636.0,13602770377.0,13697305543.0,100508074192.0,34261460218.0,146609520.0
20190416,107126236.0,13627228811.0,14735192157.0,50930891861.0,25621261523.0,114830016.0
20190417,107693576.0,13704244527.0,15169861952.0,48166437525.0,36302258711.0,47902368.0
20190418,109783073.0,14022141559.0,14966587385.0,84938024688.0,34214596068.0,130491264.0
20190419,107287232.0,14579652702.0,14808724015.0,53668703522.0,43388200082.0,107155440.0
20190420,98964905.0,15200087896.0,14715220434.0,62664008858.0,42254172813.0,80502288.0
20190421,102121070.0,15516796940.0,13933949790.0,42318205187.0,23005008591.0,87067440.0
20190422,85024605.0,15356747806.0,13419904675.0,37699571191.0,29975172405.0,41841792.0
20190423,60799109.0,15034479161.0,13772689696.0,51290853361.0,19463745639.0,90314784.0
20190424,87918279.0,14871154094.0,15047614531.0,132820598857.0,28641176179.0,258524592.0
20190425,106418615.0,14774585648.0,16288474733.0,134735959521.0,25314366222.0,208921104.0
20190426,106629451.0,15091527309.0,19094802791.0,73062023024.0,32131837975.0,101046288.0
20190427,86434783.0,15760607787.0,19083100373.0,185711069859.0,31674415127.0,197862960.0
20190428,86696438.0,15872047031.0,18821885316.0,85344239359.0,30540532632.0,79385424.0
20190429,85260751.0,15411321715.0,18820313002.0,22789134858.0,39815879623.0,41005776.0
20190430,93019261.0,15370498072.0,18251189026.0,37371778194.0,46743546030.0,58918944.0
20190501,87467593.0,16024914308.0,17616937023.0,18580832847.0,42803681320.0,31394448.0
20190502,88424764.0,15349474421.0,17635827989.0,46114630240.0,28123785763.0,52558128.0
20190503,87009423.0,15571904280.0,18090774133.0,24425664368.0,26853365971.0,27472464.0
20190504,88108928.0,15959121354.0,17526270067.0,115398824870.0,29918850577.0,108560928.0
20190505,85485929.0,15855918799.0,16329200111.0,97191424273.0,39512632167.0,117342624.0
20190506,86146005.0,15653851245.0,16049018489.0,36228274027.0,47605497811.0,66811632.0
20190507,86535835.0,15861073387.0,15708059626.0,23085018257.0,37721878121.0,49022928.0
20190508,88371428.0,15904042324.0,16690186740.0,140042463509.0,17612454275.0,193346784.0
20190509,96191015.0,15506664518.0,19711266683.0,145063399604.0,28717810300.0,236041968.0
20190510,157114864.0,16063100274.0,20545060843.0,37131198455.0,30417821375.0,63578928.0
20190511,139367938.0,15719346777.0,20615069393.0,121400394140.0,31640304702.0,223810608.0
20190512,85818180.0,15420657283.0,19735841879.0,96419914211.0,47629436036.0,130639296.0
20190513,91433510.0,14814233503.0,18613101751.0,146476446771.0,51382179559.0,235281936.0
20190514,103814516.0,14906649837.0,17646663370.0,139714260617.0,50822827493.0,212812272.0
20190515,99841033.0,15238951437.0,17447741537.0,99659011691.0,49486165036.0,195338592.0
20190516,148509923.0,15400222100.0,16896819695.0,52519846188.0,43377903075.0,78821280.0
20190517,133392215.0,15767761491.0,17661518759.0,33987538330.0,17029298235.0,50236800.0
20190518,89675704.0,15897935846.0,18069083787.0,20885231836.0,23813388447.0,41252592.0
20190519,89997329.0,15803101285.0,17739128163.0,33704557685.0,22024257817.0,30059088.0
20190520,40345226.0,14998664465.0,18276380419.0,48750053273.0,28739526795.0,65478960.0
20190521,121488391.0,14986120364.0,18655416335.0,47146997197.0,39794005163.0,74763120.0
20190522,112854365.0,15204991918.0,18182810551.0,17463479902.0,46513362912.0,38628288.0
20190523,84560361.0,15246850306.0,17660350085.0,11950480623.0,44107392639.0,34672464.0
20190524,152951710.0,15616835821.0,18354942320.0,27793984033.0,33452343223.0,35129424.0
20190525,82370524.0,16147251743.0,17904670606.0,40366597192.0,32977336245.0,58167456.0
20190526,84323878.0,16243141007.0,17056367190.0,55081275028.0,32874433736.0,34711296.0
20190527,90606943.0,16083612406.0,17520185094.0,57796033200.0,30870333118.0,37361424.0
20190528,123179305.0,15992705172.0,18365078163.0,81845492869.0,31283646779.0,69269280.0
20190529,86858997.0,16070450387.0,18511228763.0,40609730871.0,39198938107.0,30415104.0
20190530,89603055.0,16363311245.0,17720550194.0,45292660540.0,42996786848.0,24550608.0
20190531,90288498.0,16255386476.0,17282028123.0,9455358865.0,50609616702.0,25062096.0
20190601,87419224.0,15843664824.0,17136812331.0,14192473405.0,51204805722.0,40732608.0
20190602,86291060.0,15149680548.0,15763785325.0,50433019830.0,49364701901.0,65002128.0
20190603,84354348.0,15160172837.0,15694366449.0,24192998719.0,38152111830.0,57506592.0
20190604,90778499.0,14792147921.0,15534468773.0,70949843995.0,42362314239.0,79179936.0
20190605,94100604.0,14685681492.0,15814043549.0,53840443122.0,28714139237.0,82036800.0
20190606,89490679.0,14715744791.0,16154985426.0,45400916709.0,43213061161.0,76133952.0
20190607,91209181.0,15085684169.0,15802382163.0,193235770473.0,34814928382.0,277215456.0
20190608,88047677.0,15218795427.0,15700632279.0,148621126809.0,46792500813.0,182628288.0
20190609,86161007.0,15455379500.0,15230483820.0,24745324146.0,29436523061.0,38206944.0
20190610,84574637.0,14624289030.0,15427846205.0,43395992974.0,27975715160.0,62327424.0
20190611,125412492.0,14649174717.0,15971700789.0,20157346293.0,23972069462.0,31892592.0
20190612,71863310.0,14433137682.0,16629071688.0,45458855730.0,39229489946.0,104913936.0
20190613,153161289.0,14575388717.0,16701117378.0,84850200313.0,45307537418.0,104429424.0
20190614,106469147.0,14501744765.0,16402633673.0,32258082125.0,28093984051.0,60045120.0
20190615,80658307.0,14755431518.0,16911687862.0,56456883978.0,30655150823.0,55270464.0
20190616,81851804.0,14411642132.0,16521830829.0,41620008644.0,48221200387.0,42239952.0
20190617,85157746.0,13825810237.0,16156286023.0,16334308622.0,50830847741.0,58948800.0
20190618,83273253.0,13419399291.0,15443550927.0,32918803443.0,44274016719.0,46567968.0
20190619,98038500.0,13474250093.0,14988297116.0,64170091977.0,39733497802.0,142462800.0
20190620,94149591.0,13949571835.0,14701694992.0,40029220138.0,33772104732.0,54871440.0
20190621,61028254.0,14485906166.0,15020903591.0,29775845015.0,30619859322.0,69925632.0
20190622,82213757.0,14575601994.0,15073154267.0,40735661636.0,45381618899.0,56454288.0
20190623,82351756.0,14543329095.0,14426998967.0,44729369977.0,43560798190.0,77792112.0
20190624,118891398.0,14281650082.0,13588221984.0,47350115474.0,38718205075.0,76813296.0
20190625,84044903.0,14109912168.0,13458872139.0,46600542381.0,44559864173.0,100744800.0
20190626,84048251.0,13738582038.0,13023162198.0,72455293477.0,49289982129.0,59326464.0
20190627,180613066.0,13581289796.0,12515327486.0,93199486811.0,48869985801.0,97120128.0
20190628,80384565.0,14066784819.0,12073440890.0,64107857235.0,46420246922.0,83461968.0
20190629,85129017.0,14467163141.0,11787207994.0,43126721311.0,46918985158.0,88029600.0
20190630,82451237.0,14559795482.0,11261448501.0,46951571603.0,41712948060.0,105645456.0
20190701,12439509.0,14510164936.0,10838600391.0,39620174297.0,37670302087.0,20745456.0
20190702,14246515.0,14890391056.0,10621887700.0,46321790180.0,40797032975.0,19426464.0
20190703,16119897.0,15219653562.0,10383319987.0,90150738432.0,45665289094.0,35542320.0
20190704,97910512.0,15740269128.0,10480568934.0,57998531378.0,48515414296.0,25677312.0
20190705,12772354.0,15745618634.0,10483613879.0,23668602169.0,47195208812.0,19684320.0
20190706,10314350.0,15769445015.0,10237945395.0,20891677073.0,46295550646.0,17108832.0
20190707,10222187.0,15700962013.0,9571022272.0,29584356065.0,43215621997.0,17786496.0
20190708,10840787.0,15403401433.0,9631233380.0,48961046743.0,40862021732.0,18616464.0
20190709,16046956.0,15555614013.0,9990282949.0,66826865908.0,37298909604.0,15038160.0
20190710,17006631.0,15792915407.0,9746538703.0,33493231849.0,49289411854.0,24853824.0
20190711,10004303.0,15641476303.0,8884879085.0,19206745072.0,41379712725.0,18390480.0
20190712,7924954.0,15181381833.0,8806677021.0,63868850652.0,43758017342.0,19454640.0
20190713,9337121.0,15818925349.0,8734069357.0,44717460576.0,47116240247.0,17346816.0
20190714,8748625.0,15968956294.0,8100832466.0,79969793578.0,46442254527.0,18657312.0
20190715,16222999.0,15501627962.0,7970129974.0,61669401825.0,47705976843.0,18220128.0
20190716,35778480.0,15411964647.0,7714507210.0,19469010556.0,48712234898.0,21553824.0
20190717,34588326.0,15975624329.0,7618164279.0,19187028075.0,45229876158.0,20346816.0
20190718,48391716.0,16533901886.0,7644611749.0,48357373185.0,38007870184.0,17345664.0
20190719,27968485.0,16687047248.0,7783176834.0,27844200019.0,46402065839.0,20998992.0
20190720,16041888.0,16313835250.0,7344847781.0,85678440686.0,34706912513.0,16284288.0
20190721,11982900.0,16083765123.0,6957274217.0,18549011347.0,41789731016.0,17517312.0
20190722,12951556.0,15171784183.0,7104448275.0,13154620750.0,46377232225.0,19710624.0
20190723,9859441.0,13946916689.0,7162180783.0,37510711175.0,46735884414.0,28443792.0
20190724,8516673.0,13165469166.0,6896239696.0,35772524564.0,46577677412.0,24497328.0
20190725,9449604.0,12945767835.0,7133889876.0,53552512498.0,45294613049.0,26813808.0
20190726,12765026.0,14850906192.0,7105850371.0,55051082320.0,30200552446.0,17755824.0
20190727,9524292.0,15810198938.0,7833727826.0,57122843163.0,21347452314.0,15614160.0
20190728,11569627.0,16028938989.0,9411915212.0,82075830330.0,40535497405.0,16934304.0
20190729,14329628.0,15407873471.0,8705208102.0,33159465089.0,48414605260.0,25217952.0
20190730,20275793.0,15388592581.0,8023108117.0,130004955639.0,35489559519.0,23220816.0
20190731,14016800.0,14969626739.0,7662912906.0,66598319641.0,42870865234.0,19263984.0
20190801,15805286.0,15488747161.0,7321936221.0,17051809404.0,37268004671.0,23001120.0
20190802,12579784.0,16470348873.0,6897744128.0,37433331888.0,47126854762.0,20180304.0
20190803,12734293.0,16585160695.0,6365107920.0,21458545031.0,47186296819.0,18301632.0
20190804,12469283.0,16607022332.0,6110322861.0,19060221533.0,45402680400.0,17383824.0
20190805,12683592.0,16058483073.0,6137311512.0,40779806569.0,39912747901.0,22044624.0
20190806,73995082.0,16153880411.0,6481331022.0,24635794237.0,33902785489.0,23691456.0
20190807,14819096.0,15789128232.0,6880955860.0,33496300074.0,33901418011.0,27744624.0
20190808,10540079.0,15667484187.0,7059210402.0,17782814904.0,44487750362.0,20114640.0
20190809,8171587.0,15961879278.0,6729574141.0,115179954403.0,36137410710.0,18329472.0
20190810,8051761.0,16321743643.0,6758843611.0,182376742991.0,35233406807.0,17313984.0
20190811,7411088.0,16525903833.0,6772983875.0,47214785902.0,30195193560.0,15573312.0
20190812,8861224.0,16056048163.0,7765905521.0,60220323225.0,33212861191.0,17080800.0
20190813,12996383.0,16286150481.0,7194029341.0,48191834074.0,38314680009.0,18580128.0
20190814,7116214.0,16429539668.0,6484764415.0,55075564070.0,43566274930.0,23120304.0
20190815,11422377.0,16815524771.0,5751646635.0,118431768152.0,30879863371.0,16451136.0
20190816,10778720.0,16594927200.0,5930612862.0,51117199564.0,42322603005.0,19096992.0
20190817,12657883.0,16664630141.0,5627397819.0,90290581956.0,37044608260.0,18457968.0
20190818,12763545.0,16286436062.0,5476030545.0,89454978513.0,33894742990.0,20226480.0
20190819,11915211.0,15993373428.0,6348567961.0,48328537980.0,30402993618.0,17817312.0
20190820,12512877.0,15917692580.0,8648768122.0,27131745833.0,28715135035.0,19544304.0
20190821,15339210.0,16159833908.0,8458205082.0,32342367821.0,42817145346.0,19487808.0
20190822,16023386.0,16285743698.0,7643692433.0,29126870740.0,44172619846.0,18003984.0
20190823,9196212.0,16351348280.0,7054121171.0,35517039920.0,45749420442.0,25170960.0
20190824,35797202.0,16229660974.0,6776167106.0,24624337272.0,45098405287.0,16481328.0
20190825,8347884.0,15709227958.0,6129664921.0,11285843886.0,43927825419.0,17959968.0
20190826,17404195.0,15469032292.0,6114856204.0,14585053964.0,40632133776.0,30122976.0
20190827,8919198.0,14873331008.0,5978623775.0,22641793748.0,28810379696.0,20816304.0
20190828,22061354.0,15522825410.0,6018060115.0,20450359713.0,32197253706.0,19043328.0
20190829,10509856.0,15978140085.0,5901586700.0,22394483534.0,41641413297.0,27340464.0
20190830,8038521.0,16358225215.0,5970732975.0,15847959835.0,42377077552.0,28357824.0
20190831,10613193.0,16271800447.0,5904258699.0,66759882846.0,39727136707.0,18787824.0
20190901,11394190.0,16103463732.0,5850389927.0,38929671151.0,26350163427.0,17078640.0
20190902,7261415.0,15823569787.0,5639399348.0,43859534501.0,42492983523.0,22129824.0
20190903,33166086.0,16090664187.0,5270091642.0,31459769412.0,43549574382.0,24405648.0
20190904,6706087.0,15926723920.0,5257334560.0,69906104934.0,42635194260.0,27567120.0
20190905,112572417.0,15778341154.0,5219222252.0,78834647400.0,33769086199.0,19812624.0
20190906,66709584.0,16103248442.0,4927886207.0,55957359771.0,40906124528.0,19919952.0
20190907,23624915.0,15740687837.0,4581098239.0,51486606323.0,34886131098.0,16531152.0
20190908,23593259.0,15607759805.0,4407606522.0,48005078961.0,37192189309.0,19104480.0
20190909,23464096.0,15476961926.0,4473960369.0,17511904476.0,29534010825.0,20112624.0
20190910,28199921.0,15395128823.0,4786015898.0,26790748350.0,26707450966.0,21769824.0
20190911,43465136.0,15356222679.0,5200612904.0,49710730474.0,36209536765.0,48913968.0
20190912,69182765.0,14957862132.0,4934954181.0,36160507076.0,39256758344.0,21705648.0
20190913,55142424.0,15032488372.0,4714501250.0,32455450319.0,38904518364.0,26846976.0
20190914,21306767.0,15451011833.0,4489607964.0,46910061422.0,33735417352.0,15726144.0
20190915,15396260.0,14988831912.0,4300618251.0,20503667720.0,39339494672.0,16884480.0
20190916,58293731.0,14598657550.0,4419587080.0,22166529502.0,38325406779.0,23677488.0
20190917,38216750.0,14576792587.0,4244882205.0,49394994699.0,36675348631.0,21652656.0
20190918,40794410.0,14984037011.0,4110808006.0,120741712776.0,36137715612.0,29700144.0
20190919,86242410.0,15056868000.0,4083860255.0,128740178139.0,38496659656.0,29197152.0
20190920,26998246.0,15090195376.0,4279325520.0,125420717371.0,38135792266.0,39043152.0
20190921,12217409.0,14778308047.0,4100891539.0,111783852459.0,26571661719.0,16787664.0
20190922,8395740.0,14499965344.0,4222026749.0,104468286656.0,17303152689.0,16273632.0
20190923,77565490.0,14149897212.0,5169975545.0,65773281030.0,27084877685.0,31667472.0
20190924,132768450.0,14378796397.0,4551622886.0,113592456366.0,20060688644.0,20534304.0
20190925,122422955.0,14294788301.0,4776734587.0,122351751394.0,20772448071.0,34629312.0
20190926,142144961.0,14169228511.0,5092456683.0,137275564417.0,26132648380.0,27757296.0
20190927,106054452.0,14790357278.0,4890509725.0,135396917284.0,27634160876.0,29076816.0
20190928,13581954.0,15029782519.0,4437714820.0,140441181190.0,27566309804.0,17564976.0
20190929,13171112.0,14295988060.0,4007446982.0,217467427763.0,31975502171.0,18840624.0
20190930,46248647.0,13815916141.0,4343799383.0,89503101434.0,28570882019.0,33968976.0
20191001,96449247.0,13705232608.0,4463811815.0,140632106329.0,23935940114.0,24811200.0
20191002,127293846.0,14113232603.0,5655510040.0,99811731260.0,23120535347.0,22430016.0
20191003,100125562.0,14499473823.0,5863675329.0,38990062122.0,28904519346.0,24823680.0
20191004,183107509.0,14714517564.0,5226279063.0,139270308887.0,18792121886.0,33325344.0
20191005,49949110.0,15118857844.0,5251373579.0,43229038557.0,22723219374.0,21126576.0
20191006,9000756.0,15349712813.0,5112602250.0,117864420458.0,19383621469.0,22227552.0
20191007,112023721.0,14839605253.0,6539934171.0,75141732208.0,24690909347.0,32807040.0
20191008,171732216.0,14915532853.0,6170947726.0,114532327285.0,27961128523.0,34840224.0
20191009,361757730.0,14825987701.0,6506868708.0,152179590756.0,17100918056.0,37967664.0
20191010,457551735.0,14427755864.0,7420962341.0,117998969237.0,27546822640.0,73107648.0
20191011,260760626.0,15122475908.0,6974620334.0,127515391637.0,32369079020.0,57483552.0
20191012,13865727.0,15384148656.0,6044973596.0,120658201555.0,18089485216.0,18163584.0
20191013,10540906.0,15026896524.0,5377053563.0,148621468587.0,28132030171.0,20227152.0
20191014,296517614.0,14581314665.0,5306224472.0,109396175111.0,17113737183.0,25382208.0
20191015,404479280.0,14576346543.0,7688933773.0,83503663413.0,19611870976.0,24603888.0
20191016,519078430.0,14718695050.0,8993479161.0,162151848282.0,22896677684.0,56450208.0
20191017,414190415.0,15160467459.0,8136224112.0,95130298478.0,16373518840.0,64528800.0
20191018,123090076.0,15331904042.0,8324697743.0,157597994877.0,14413834784.0,33656064.0
20191019,21061289.0,15755867494.0,8832368782.0,68253806442.0,13305208529.0,18891744.0
20191020,21540267.0,15036217283.0,9255375380.0,63017487672.0,10950896328.0,16568400.0
20191021,595102850.0,14294748836.0,10773996362.0,64201399059.0,15292889585.0,135314064.0
20191022,691173343.0,14525466565.0,11946052182.0,28540672953.0,10839304578.0,106463232.0
20191023,451713815.0,14367033462.0,13371579255.0,62212092247.0,8643309097.0,29192544.0
20191024,771556876.0,14244287535.0,13800967899.0,99003912649.0,16623876608.0,21776976.0
20191025,451892767.0,15144740818.0,14272940736.0,104025441440.0,25250127510.0,27140544.0
20191026,40347482.0,15504860656.0,12910623647.0,151032160403.0,27859614481.0,17938416.0
20191028,357805929.0,14614986042.0,11291261643.0,53178288237.0,11839022504.0,32635056.0
20191029,611044890.0,14839474648.0,11757069153.0,70506542237.0,18762662256.0,24128400.0
20191030,855650747.0,15507783788.0,11001802160.0,47696842400.0,16232838092.0,40103232.0
20191031,8623510749.0,16330796494.0,11510257312.0,54634325148.0,11211097049.0,219555552.0
20191101,32989959495.0,16737237333.0,12042789688.0,132185816817.0,8046409105.0,830273232.0
20191102,33643125989.0,16942824406.0,14585218073.0,214607085648.0,10678266040.0,834661584.0
20191103,34156692826.0,16335067795.0,14836959811.0,152456402483.0,11660582693.0,829331712.0
20191104,34780772542.0,15493084012.0,16408651455.0,172358105300.0,12645937769.0,838681584.0
20191105,35371807328.0,15309733510.0,17191125973.0,73670122205.0,12716264187.0,821460048.0
20191106,35566642658.0,15695317673.0,17570663467.0,53237483112.0,14776426135.0,825994224.0
20191107,35569995131.0,15733267654.0,18380588063.0,131333137776.0,9741844794.0,911789040.0
20191108,35772070700.0,16182398200.0,18654669545.0,42416011520.0,14665170410.0,862480560.0
20191109,36167886161.0,16646154994.0,18649631956.0,62202705613.0,17040293842.0,871976544.0
20191110,36204496660.0,16245635636.0,17483461949.0,61727455610.0,14072197492.0,870090720.0
20191111,36139487851.0,16295732178.0,17179157767.0,122496843943.0,11542933289.0,867688416.0
20191112,36154617747.0,16050163754.0,17137803514.0,125810040942.0,17161776353.0,853592208.0
20191113,37132286005.0,16020758310.0,17140219051.0,82890210109.0,16109908441.0,831568416.0
20191114,37012530424.0,15634843293.0,16389996554.0,74391915774.0,7893954545.0,859811904.0
20191115,37304830114.0,15842110076.0,16090403633.0,58703547608.0,11431406615.0,955555584.0
20191116,37240402948.0,15918442859.0,15366876320.0,50804940278.0,11901339400.0,845767392.0
20191117,37273890018.0,15852003078.0,14787277106.0,24416279276.0,11873205837.0,843046560.0
20191118,37619100181.0,15367625152.0,15920728364.0,55292174779.0,11424104585.0,854051712.0
20191119,37597394456.0,15682652673.0,16639167270.0,31669569366.0,13986220572.0,896947056.0
20191120,38107394133.0,15732923184.0,16632666612.0,77829970345.0,9613432211.0,1046832048.0
20191121,37957496112.0,15713864177.0,16364009925.0,86383114547.0,11434939085.0,978605904.0
20191122,37600934022.0,16366014107.0,16277591743.0,165129915383.0,10037491626.0,948325728.0
20191123,37030466115.0,16691588980.0,15305943076.0,106656110211.0,7203120747.0,981293568.0
20191124,37110313238.0,16416170999.0,14605175904.0,43942882684.0,9529932316.0,958877568.0
20191125,37165426721.0,15850497210.0,15561569515.0,76046140522.0,11568999908.0,944587392.0
20191126,37035797683.0,15894337135.0,16288636257.0,127839717856.0,11646732427.0,898237248.0
20191127,37016422909.0,15746828150.0,16663672400.0,230469763948.0,10917691051.0,908341920.0
20191128,37562659629.0,15801000211.0,17475270374.0,182606201780.0,10786895618.0,937316736.0
20191129,38237147432.0,15864698050.0,18518443206.0,48595305490.0,13814527575.0,938881728.0
20191130,40317252216.0,16855377383.0,18350968454.0,84320300520.0,8758119888.0,968567568.0
20191201,41458599564.0,16293669356.0,18536615071.0,82378081186.0,7691723160.0,936620400.0
20191202,41818740927.0,15766538237.0,18875240508.0,71492991723.0,12810867812.0,1018892544.0
20191203,42374274621.0,15649109404.0,18982987533.0,49285233828.0,16709588527.0,1257900240.0
20191204,42450737652.0,16028158174.0,18717335891.0,37137604410.0,11835444524.0,1150098384.0
20191205,42103683124.0,15964676484.0,18780715850.0,21943195311.0,13167824907.0,1244479056.0
20191206,41719245869.0,16361685056.0,18271389476.0,156140844519.0,12252359956.0,1079669232.0
20191207,40774931438.0,17230078191.0,17334255220.0,88926890190.0,11237282831.0,919788576.0
20191208,40833489766.0,17125775539.0,16087964896.0,226667394522.0,11106941477.0,928719408.0
20191209,40870802233.0,16274661155.0,17577797911.0,240861382689.0,11103233932.0,945439056.0
20191210,40660863430.0,16067844830.0,18852148221.0,130102735072.0,13671977034.0,1031417376.0
20191211,41059607241.0,16343725202.0,18873113441.0,112616120128.0,6027538817.0,989791584.0
20191212,40953444402.0,16082344982.0,18722668264.0,179128362523.0,8432262706.0,935344224.0
20191213,38869830197.0,15951513678.0,15910941966.0,248852256181.0,6690728769.0,923825568.0
20191214,40231063339.0,16331775740.0,15720620538.0,227924426850.0,9717448534.0,861569568.0
20191215,40736651680.0,16654958004.0,16491203626.0,167554167519.0,12680886889.0,899406096.0
20191216,40727632060.0,16435974502.0,17162869137.0,101958068350.0,5867097262.0,934366128.0
20191217,40874891481.0,16237385291.0,18345981149.0,144131376745.0,6587915056.0,973269792.0
20191218,40963820901.0,16343314045.0,19426844202.0,121960074670.0,12331391825.0,924946800.0
20191219,38718762312.0,16734213758.0,19467683638.0,228215774588.0,5629323161.0,951175776.0
20191220,40203256106.0,16811851963.0,18671600172.0,213603483677.0,7640561381.0,959831472.0
20191221,40053765428.0,17202409841.0,19448864509.0,190386786089.0,11974841340.0,930393456.0
20191222,39453489177.0,16663794760.0,18392512085.0,225812650256.0,9345654836.0,935587632.0
20191223,40175184596.0,16152495600.0,18450256067.0,184744795257.0,11533565528.0,1042174800.0
20191224,39635660137.0,16223468580.0,19581914851.0,210923633189.0,10529197120.0,923699280.0
20191225,40211530865.0,16513478037.0,19852851407.0,78023120835.0,13775470196.0,875492112.0
20191226,40037505611.0,16502484053.0,20128150987.0,124486813605.0,10671471576.0,911231472.0
20191227,40049627141.0,16593626647.0,20419943259.0,87749743353.0,11136175124.0,986316768.0
20191228,40613034466.0,16812591584.0,20158305669.0,46015542346.0,14042275175.0,892772496.0
20191229,40596696952.0,16684495135.0,19873422714.0,54637265665.0,12068638017.0,869185152.0
20191230,40666271683.0,16245037064.0,19991669759.0,42793275688.0,16437673295.0,889988496.0
20191231,41256370142.0,16592255076.0,19916739977.0,31052823012.0,12783050052.0,945530688.0
